strain_id,thc_raw,yield_raw,flowering_raw,thc_min,thc_max,thc_avg,cbd_min,cbd_max,cbd_avg,flowering_days_min,flowering_days_max,flowering_days_avg,height_indoor_cm_min,height_indoor_cm_max,height_outdoor_cm_min,height_outdoor_cm_max,yield_indoor_g_m2_min,yield_indoor_g_m2_max,yield_outdoor_g_plant_min,yield_outdoor_g_plant_max,yield_indoor_raw,yield_outdoor_raw,flowering_time_raw,outdoor_harvest_raw,height_indoor_raw,height_outdoor_raw,cbd_raw,genetics_raw,category_type_raw,harvest_time_raw,terpenes_raw,height_raw,lineage_raw,seed_type_raw,growth_type_raw,strain_type_raw,terpene_profile_raw,flavor_profile_raw
404c1743-5b66-41d1-b492-856af2138931,Up to 21%,Average,Fast (6-10 weeks),21,21,21,,,,42,70,56,,,,,,,,,,,,,,,,,,,,,,,,,,
436208dd-9101-4da5-bc7b-f4cffb46add2,Up to 30%,Average,Fast (6-10 weeks),30,30,30,,,,42,70,56,,,,,,,,,,,,,,,,,,,,,,,,,,
741608c9-8a62-45c9-97d3-d1a22170ecad,Up to 23%,High,Fast (6-10 weeks),23,23,23,,,,42,70,56,,,,,,,,,,,,,,,,,,,,,,,,,,
0096fef0-9066-48ad-bcc1-f73a541db7fd,Up to 20%,Average,Fast (6-10 weeks),20,20,20,,,,42,70,56,,,,,,,,,,,,,,,,,,,,,,,,,,
2db127f3-8bfe-4099-81e9-ce0aae7feeb2,Up to 15%,High,Fast (6-10 weeks),15,15,15,,,,42,70,56,,,,,,,,,,,,,,,,,,,,,,,,,,
6af19699-a6c2-4ff0-b164-07ed0c5ff2a6,Up to 21%,High,Average (8-12 weeks),21,21,21,,,,56,84,70,,,,,,,,,,,,,,,,,,,,,,,,,,
821f4358-7620-4f1a-abc3-4d010731ba96,Up to 30%,High,,30,30,30,,,,,,,,,,,,,,,,,,,,,,,,,,,,,,,,
83448770-4bd5-4974-815b-d77914d5ee54,Up to 23%,High,Fast (6-10 weeks),23,23,23,,,,42,70,56,,,,,,,,,,,,,,,,,,,,,,,,,,
856d4882-4de5-4f50-a9e4-44e7db0f999d,Up to 25%,High,Fast (6-10 weeks),25,25,25,,,,42,70,56,,,,,,,,,,,,,,,,,,,,,,,,,,
8683b4d8-5a53-48ca-8c35-e7285ad4c31f,Up to 15%,High,Fast (6-10 weeks),15,15,15,,,,42,70,56,,,,,,,,,,,,,,,,,,,,,,,,,,
914a6f01-d2f3-47a4-bad2-b16d3a7ea281,Up to 21%,High,Fast (6-10 weeks),21,21,21,,,,42,70,56,,,,,,,,,,,,,,,,,,,,,,,,,,
94044704-5d47-4d31-bd25-d24a7d0e8381,Up to 24%,Extreme,Fast (6-10 weeks),24,24,24,,,,42,70,56,,,,,,,,,,,,,,,,,,,,,,,,,,
b135d712-ae1c-4ca1-b979-697b48d8d888,Up to 24%,Extreme,Fast (6-10 weeks),24,24,24,,,,42,70,56,,,,,,,,,,,,,,,,,,,,,,,,,,
b3b20b4b-d98d-4dad-b99f-28e9ce9ba41a,Up to 23%,High,Average (8-12 weeks),23,23,23,,,,56,84,70,,,,,,,,,,,,,,,,,,,,,,,,,,
c0b3b790-7e83-4886-99dd-e2385766f017,Up to 25%,Extreme,Fast (6-10 weeks),25,25,25,,,,42,70,56,,,,,,,,,,,,,,,,,,,,,,,,,,
c173b8e5-9e49-4dcc-a793-a07137bec50c,Up to 25%,High,Fast (6-10 weeks),25,25,25,,,,42,70,56,,,,,,,,,,,,,,,,,,,,,,,,,,
e4e79872-8f49-4f39-bcf0-92e1d5273a22,Up to 25%,Extreme,Fast (6-10 weeks),25,25,25,,,,42,70,56,,,,,,,,,,,,,,,,,,,,,,,,,,
f257da7f-8689-482b-ae8e-8cf350f3a1f6,Up to 20%,Average,Fast (6-10 weeks),20,20,20,,,,42,70,56,,,,,,,,,,,,,,,,,,,,,,,,,,
0676b8dc-13a7-4c66-8440-460e0da7a656,Up to 21%,Average,Fast (6-10 weeks),21,21,21,,,,42,70,56,,,,,,,,,,,,,,,,,,,,,,,,,,
06928362-7545-41d4-83ea-5b6f3857d14c,Up to 20%,High,"Average (8-12 weeks), Fast (6-10 weeks)",20,20,20,,,,42,84,63,,,,,,,,,,,,,,,,,,,,,,,,,,
06a8be22-98e5-4c07-89d9-82f34d496c44,Up to 20%,Average,Fast (6-10 weeks),20,20,20,,,,42,70,56,,,,,,,,,,,,,,,,,,,,,,,,,,
06c9e5b0-2701-4658-8f68-8b566c3276c6,Up to 25%,Average,Fast (6-10 weeks),25,25,25,,,,42,70,56,,,,,,,,,,,,,,,,,,,,,,,,,,
07336664-ae8d-4aea-bd35-481675eb3d4c,Up to 15%,Average,Fast (6-10 weeks),15,15,15,,,,42,70,56,,,,,,,,,,,,,,,,,,,,,,,,,,
0a4401ff-4be3-4983-9110-4eb6f347b02d,Up to 15%,High,Fast (6-10 weeks),15,15,15,,,,42,70,56,,,,,,,,,,,,,,,,,,,,,,,,,,
0a9812b2-fe4b-46f8-a1f1-924398a83fc1,Up to 15%,High,Fast (6-10 weeks),15,15,15,,,,42,70,56,,,,,,,,,,,,,,,,,,,,,,,,,,
0c68ed49-6da4-4158-a0e6-62b74c8f12b7,Up to 18%,Average,Fast (6-10 weeks),18,18,18,,,,42,70,56,,,,,,,,,,,,,,,,,,,,,,,,,,
0daa9e10-632e-499c-a55d-701d42a021d1,Up to 20%,Average,Fast (6-10 weeks),20,20,20,,,,42,70,56,,,,,,,,,,,,,,,,,,,,,,,,,,
0e03adb8-60ac-4f9a-976a-bd5f8b95dd4e,Up to 20%,High,Fast (6-10 weeks),20,20,20,,,,42,70,56,,,,,,,,,,,,,,,,,,,,,,,,,,
0ed79f90-ca2e-4345-aeb1-68f58e9e60c9,Up to 11%,High,Fast (6-10 weeks),11,11,11,,,,42,70,56,,,,,,,,,,,,,,,,,,,,,,,,,,
0fc0d2d7-3ac9-48ee-8f29-8beec613db76,Up to 18%,High,Fast (6-10 weeks),18,18,18,,,,42,70,56,,,,,,,,,,,,,,,,,,,,,,,,,,
100622a0-f409-46cb-8d55-c2dc3566de22,Up to 25%,Average,Fast (6-10 weeks),25,25,25,,,,42,70,56,,,,,,,,,,,,,,,,,,,,,,,,,,
112d0965-6011-42e6-8f81-fc96d17d20a4,Up to 24%,Average,Fast (6-10 weeks),24,24,24,,,,42,70,56,,,,,,,,,,,,,,,,,,,,,,,,,,
152512d5-9346-4650-b294-4de7cd9cc67a,Up to 22%,High,Fast (6-10 weeks),22,22,22,,,,42,70,56,,,,,,,,,,,,,,,,,,,,,,,,,,
15817540-7a3c-40f6-8fec-cbfba7db568a,Up to 15%,,Fast (6-10 weeks),15,15,15,,,,42,70,56,,,,,,,,,,,,,,,,,,,,,,,,,,
15ebe342-0c62-48b7-96ee-df8d2118c1b2,Up to 25%,High,Fast (6-10 weeks),25,25,25,,,,42,70,56,,,,,,,,,,,,,,,,,,,,,,,,,,
176b303a-cb36-4b1d-b833-0b875a00a047,Up to 21%,High,Fast (6-10 weeks),21,21,21,,,,42,70,56,,,,,,,,,,,,,,,,,,,,,,,,,,
196073b3-5614-4897-be35-7736b7b6095e,Up to 25%,Average,Fast (6-10 weeks),25,25,25,,,,42,70,56,,,,,,,,,,,,,,,,,,,,,,,,,,
198f29fa-2d88-4045-9e48-f43c01a6380c,Up to 28%,Extreme,Average (8-12 weeks),28,28,28,,,,56,84,70,,,,,,,,,,,,,,,,,,,,,,,,,,
1c7cc090-08ec-4fcf-8f7f-3a069f2660a1,Up to 23%,High,Average (8-12 weeks),23,23,23,,,,56,84,70,,,,,,,,,,,,,,,,,,,,,,,,,,
1db2d6cf-4a1d-494e-b73d-c55f8cce5953,Up to 20%,Average,Fast (6-10 weeks),20,20,20,,,,42,70,56,,,,,,,,,,,,,,,,,,,,,,,,,,
2169b4e3-ad24-4d7e-8bec-828b7107f8c2,Up to 26%,Extreme,Fast (6-10 weeks),26,26,26,,,,42,70,56,,,,,,,,,,,,,,,,,,,,,,,,,,
21b94e28-431f-49cc-b09c-cf980237ead7,Up to 20%,High,Fast (6-10 weeks),20,20,20,,,,42,70,56,,,,,,,,,,,,,,,,,,,,,,,,,,
22b5a3c3-51de-47dd-a7c2-d29c0b23acac,Up to 24%,Extreme,Fast (6-10 weeks),24,24,24,,,,42,70,56,,,,,,,,,,,,,,,,,,,,,,,,,,
2457e61c-08d8-4ad4-b4d1-64d9d30fa2c4,Up to 20%,,Fast (6-10 weeks),20,20,20,,,,42,70,56,,,,,,,,,,,,,,,,,,,,,,,,,,
25ddb5ab-7d8e-403d-a246-484bef77b9cb,Up to 26%,Average,Fast (6-10 weeks),26,26,26,,,,42,70,56,,,,,,,,,,,,,,,,,,,,,,,,,,
26145efb-1640-4bdb-8c96-cd7e597a65cd,Up to 16%,Average,Fast (6-10 weeks),16,16,16,,,,42,70,56,,,,,,,,,,,,,,,,,,,,,,,,,,
26ba2b66-c421-4087-b84e-44a0378936dc,Up to 23%,Average,Fast (6-10 weeks),23,23,23,,,,42,70,56,,,,,,,,,,,,,,,,,,,,,,,,,,
27370dc6-f0c3-4c48-81bd-54f10597de37,Up to 19%,Average,Fast (6-10 weeks),19,19,19,,,,42,70,56,,,,,,,,,,,,,,,,,,,,,,,,,,
2b3c9034-1d2f-46b2-bc47-876f1b62b425,Up to 18%,High,Fast (6-10 weeks),18,18,18,,,,42,70,56,,,,,,,,,,,,,,,,,,,,,,,,,,
2d5f7e19-0796-4665-bdf1-c062bbc6ab15,Up to 20%,Average,Fast (6-10 weeks),20,20,20,,,,42,70,56,,,,,,,,,,,,,,,,,,,,,,,,,,
2ed40b3a-1206-47dc-8bcf-0b8035adcb5e,Up to 22%,High,Fast (6-10 weeks),22,22,22,,,,42,70,56,,,,,,,,,,,,,,,,,,,,,,,,,,
30576088-2a6b-44ab-90aa-9fdcaa876bc3,Up to 20%,Average,Fast (6-10 weeks),20,20,20,,,,42,70,56,,,,,,,,,,,,,,,,,,,,,,,,,,
30e42782-5fa9-4b86-be26-9450b45a58a4,Up to 23%,High,Fast (6-10 weeks),23,23,23,,,,42,70,56,,,,,,,,,,,,,,,,,,,,,,,,,,
3332d44d-6ea0-4530-bcfa-81d7aefac74c,Up to 23%,High,Fast (6-10 weeks),23,23,23,,,,42,70,56,,,,,,,,,,,,,,,,,,,,,,,,,,
34b7f2e0-2e31-4072-a7ec-12930f68f2f1,Up to 20%,Average,Fast (6-10 weeks),20,20,20,,,,42,70,56,,,,,,,,,,,,,,,,,,,,,,,,,,
376b9cd6-8705-45c7-b451-41d4a4d0b20c,Up to 15%,Average,Fast (6-10 weeks),15,15,15,,,,42,70,56,,,,,,,,,,,,,,,,,,,,,,,,,,
37880155-e685-48ba-9afe-a97dbc67110a,Up to 23%,High,Fast (6-10 weeks),23,23,23,,,,42,70,56,,,,,,,,,,,,,,,,,,,,,,,,,,
397b7a1f-ae5e-4906-964f-8b7834f951e7,Up to 28%,High,,28,28,28,,,,,,,,,,,,,,,,,,,,,,,,,,,,,,,,
3a2b62f3-3337-427f-b8c1-769d899b0ebc,Up to 25%,High,Fast (6-10 weeks),25,25,25,,,,42,70,56,,,,,,,,,,,,,,,,,,,,,,,,,,
3bbb680c-3738-40cd-8e03-a6ae3db7eb18,Up to 20%,Average,Average (8-12 weeks),20,20,20,,,,56,84,70,,,,,,,,,,,,,,,,,,,,,,,,,,
3c162560-19ff-47d7-a077-de43c5fbec68,Up to 21%,High,Average (8-12 weeks),21,21,21,,,,56,84,70,,,,,,,,,,,,,,,,,,,,,,,,,,
3dc10e56-32fd-4a48-9aa6-2f65939d2b45,Up to 23%,Average,Fast (6-10 weeks),23,23,23,,,,42,70,56,,,,,,,,,,,,,,,,,,,,,,,,,,
3e127278-a316-45e4-908c-a0c31c1b8b46,Up to 25%,Extreme,Fast (6-10 weeks),25,25,25,,,,42,70,56,,,,,,,,,,,,,,,,,,,,,,,,,,
3f0dd21c-3079-4cac-a29e-60a4cd6115f3,Up to 21%,High,Fast (6-10 weeks),21,21,21,,,,42,70,56,,,,,,,,,,,,,,,,,,,,,,,,,,
427db77f-4936-4cf5-98e6-fa5ee37ef476,Up to 15%,Average,Fast (6-10 weeks),15,15,15,,,,42,70,56,,,,,,,,,,,,,,,,,,,,,,,,,,
4298bd3b-7fc4-4567-9e35-2d0d45a9b2fc,Up to 20%,High,Fast (6-10 weeks),20,20,20,,,,42,70,56,,,,,,,,,,,,,,,,,,,,,,,,,,
43a859ef-3629-4b4a-8aae-0ffa232fb05b,Up to 0.2%,Average,Long (10-16 weeks),0.2,0.2,0.2,,,,70,112,91,,,,,,,,,,,,,,,,,,,,,,,,,,
4459ecfb-4dbd-40f3-ba69-f89812569721,Up to 20%,Average,Fast (6-10 weeks),20,20,20,,,,42,70,56,,,,,,,,,,,,,,,,,,,,,,,,,,
4574d6bb-1230-4058-b7d7-9b9a7e071dfb,,,Average (8-12 weeks),,,,,,,56,84,70,,,,,,,,,,,,,,,,,,,,,,,,,,
47bb21cd-28fc-4c96-bec4-46a5890d8d23,Up to 19%,High,Fast (6-10 weeks),19,19,19,,,,42,70,56,,,,,,,,,,,,,,,,,,,,,,,,,,
47e6f0a1-a82e-46fc-a1db-76baca3b44ce,Up to 10%,High,Fast (6-10 weeks),10,10,10,,,,42,70,56,,,,,,,,,,,,,,,,,,,,,,,,,,
48d8fbe0-e732-40ef-92d2-79cb0a9221a4,Up to 21%,Average,Fast (6-10 weeks),21,21,21,,,,42,70,56,,,,,,,,,,,,,,,,,,,,,,,,,,
4972375a-ed0f-41e2-bdce-16ef90193e00,Up to 21%,Extreme,Fast (6-10 weeks),21,21,21,,,,42,70,56,,,,,,,,,,,,,,,,,,,,,,,,,,
4c5d9d66-1524-4f12-9163-c6902a702965,Up to 25%,Average,Fast (6-10 weeks),25,25,25,,,,42,70,56,,,,,,,,,,,,,,,,,,,,,,,,,,
4d00daab-0dfa-46a0-9be9-a5f9b06e6628,Up to 26%,High,Fast (6-10 weeks),26,26,26,,,,42,70,56,,,,,,,,,,,,,,,,,,,,,,,,,,
4e4d1b23-c539-4ca9-afa3-2747260c5b08,Up to 18%,High,Fast (6-10 weeks),18,18,18,,,,42,70,56,,,,,,,,,,,,,,,,,,,,,,,,,,
52088343-d0da-4435-bd29-8b01b71968f4,Up to 28%,,Fast (6-10 weeks),28,28,28,,,,42,70,56,,,,,,,,,,,,,,,,,,,,,,,,,,
561d83e9-d663-437c-88fe-65c67b19db40,Up to 17%,High,Average (8-12 weeks),17,17,17,,,,56,84,70,,,,,,,,,,,,,,,,,,,,,,,,,,
5f92f954-80ad-4669-bd01-dca7f3027860,Up to 25%,,Average (8-12 weeks),25,25,25,,,,56,84,70,,,,,,,,,,,,,,,,,,,,,,,,,,
62cd1ba9-f09b-46d4-9920-823ea2a39e7b,Up to 15%,High,Fast (6-10 weeks),15,15,15,,,,42,70,56,,,,,,,,,,,,,,,,,,,,,,,,,,
67970273-ba52-4fbb-bfde-6ce8e7a29800,Up to 20%,Average,Fast (6-10 weeks),20,20,20,,,,42,70,56,,,,,,,,,,,,,,,,,,,,,,,,,,
69cd5ea0-d416-464a-b4fe-4abfb7617493,Up to 24%,High,Fast (6-10 weeks),24,24,24,,,,42,70,56,,,,,,,,,,,,,,,,,,,,,,,,,,
69f4e0b1-513e-446c-9425-8b6523005051,Up to 25%,High,Fast (6-10 weeks),25,25,25,,,,42,70,56,,,,,,,,,,,,,,,,,,,,,,,,,,
6ad5fe66-4805-492a-ae0b-6b38c89557d1,Up to 22%,Average,Fast (6-10 weeks),22,22,22,,,,42,70,56,,,,,,,,,,,,,,,,,,,,,,,,,,
6bade670-b355-4c20-b181-28a5aa259043,Up to 20%,Average,Average (8-12 weeks),20,20,20,,,,56,84,70,,,,,,,,,,,,,,,,,,,,,,,,,,
7357ab05-c17c-43b4-97ea-430a79c12756,Up to 20%,High,Fast (6-10 weeks),20,20,20,,,,42,70,56,,,,,,,,,,,,,,,,,,,,,,,,,,
779815e9-1ca9-4b1a-97e9-8d89999940cd,Up to 20%,High,Average (8-12 weeks),20,20,20,,,,56,84,70,,,,,,,,,,,,,,,,,,,,,,,,,,
785c5df5-5e96-432b-bd66-50237fc680d7,Up to 21%,High,Average (8-12 weeks),21,21,21,,,,56,84,70,,,,,,,,,,,,,,,,,,,,,,,,,,
78fa3a43-6851-4eff-a567-58573383b321,Up to 20%,High,Fast (6-10 weeks),20,20,20,,,,42,70,56,,,,,,,,,,,,,,,,,,,,,,,,,,
79e5ab28-b844-40de-9ae0-bc4ed129929b,Up to 22%,Extreme,Average (8-12 weeks),22,22,22,,,,56,84,70,,,,,,,,,,,,,,,,,,,,,,,,,,
7d15797d-e573-4675-8efd-3071d23f9ecf,Up to 20%,Average,Fast (6-10 weeks),20,20,20,,,,42,70,56,,,,,,,,,,,,,,,,,,,,,,,,,,
7dd0af5f-fa02-4223-96ee-b4b4e81d8a42,,,,,,,,,,,,,,,,,,,,,,,,,,,,,,,,,,,,,,
80ff9334-f06c-4a7d-8395-2399fc686dbe,Up to 20%,Average,Fast (6-10 weeks),20,20,20,,,,42,70,56,,,,,,,,,,,,,,,,,,,,,,,,,,
81d63198-3468-45f5-a5ab-48b8f85f3e55,Up to 25%,Average,Average (8-12 weeks),25,25,25,,,,56,84,70,,,,,,,,,,,,,,,,,,,,,,,,,,
8213d7a3-eccd-449e-ba43-d2d5614a426d,Up to 20%,High,Fast (6-10 weeks),20,20,20,,,,42,70,56,,,,,,,,,,,,,,,,,,,,,,,,,,
836d05eb-d08d-4657-a882-fd31b6f14820,Up to 21%,,Average (8-12 weeks),21,21,21,,,,56,84,70,,,,,,,,,,,,,,,,,,,,,,,,,,
873a1405-052b-44e7-a20d-73963bb3d1df,Up to 15%,Average,Fast (6-10 weeks),15,15,15,,,,42,70,56,,,,,,,,,,,,,,,,,,,,,,,,,,
87884cde-1bc7-404b-a98d-e94557fe70f4,Up to 20%,Average,Average (8-12 weeks),20,20,20,,,,56,84,70,,,,,,,,,,,,,,,,,,,,,,,,,,
8993f19b-5883-45e1-9af2-737c08959d03,Up to 21%,High,Fast (6-10 weeks),21,21,21,,,,42,70,56,,,,,,,,,,,,,,,,,,,,,,,,,,
